id,target
01924,0.0
00822,1.0
01429,0.0
00208,1.0
01904,0.0
00072,1.0
01486,0.0
01171,0.0
00128,1.0
01518,0.0
00205,1.0
01889,0.0
01286,0.0
00408,1.0
00948,1.0
00457,1.0
01267,0.0
01802,0.0
01755,0.0
00471,1.0
02134,0.0
00900,1.0
00841,1.0
00333,1.0
00564,1.0
00245,1.0
00171,1.0
01076,0.0
00795,1.0
00372,1.0
00938,1.0
01749,0.0
00884,1.0
00641,1.0
00010,1.0
01816,0.0
01052,0.0
01205,0.0
00927,1.0
00378,1.0
01579,0.0
01973,0.0
00238,1.0
01050,0.0
01204,0.0
00313,1.0
00876,1.0
00098,1.0
01505,0.0
01699,0.0
01972,0.0
00516,1.0
00357,1.0
00903,1.0
00880,1.0
02083,0.0
00558,1.0
01162,0.0
01438,0.0
01457,0.0
00291,1.0
01342,0.0
01236,0.0
00977,1.0
00100,1.0
01303,0.0
01250,0.0
01291,0.0
00765,1.0
02013,0.0
01022,1.0
00042,1.0
01906,0.0
00286,1.0
01653,0.0
00858,1.0
01405,0.0
00629,1.0
00145,1.0
01033,1.0
00292,1.0
01783,0.0
00611,1.0
01419,0.0
01016,1.0
01276,0.0
01352,0.0
00336,1.0
00168,1.0
00600,1.0
01425,0.0
01797,0.0
01829,0.0
01075,0.0
00473,1.0
01869,0.0
01551,0.0
00515,1.0
00058,1.0
00348,1.0
00487,1.0
01197,0.0
00335,1.0
00029,1.0
00960,1.0
01468,0.0
00980,1.0
00148,1.0
00301,1.0
00702,1.0
02067,0.0
01305,0.0
02026,0.0
00819,1.0
00459,1.0
00529,1.0
02001,0.0
01416,0.0
00425,1.0
01719,0.0
01103,0.0
00006,1.0
01717,0.0
01943,0.0
01624,0.0
01523,0.0
01322,0.0
00617,1.0
01714,0.0
02063,0.0
01728,0.0
02014,0.0
00705,1.0
00083,1.0
01261,0.0
01932,0.0
00032,1.0
02084,0.0
01041,0.0
02011,0.0
00861,1.0
00723,1.0
01791,0.0
00851,1.0
01193,0.0
01609,0.0
02049,0.0
01190,0.0
01698,0.0
02000,0.0
00370,1.0
01607,0.0
00355,1.0
00375,1.0
01801,0.0
01800,0.0
01341,0.0
01268,0.0
00437,1.0
01496,0.0
01394,0.0
00477,1.0
00077,1.0
00068,1.0
00986,1.0
00587,1.0
01138,0.0
01037,1.0
00109,1.0
01942,0.0
00498,1.0
00312,1.0
01292,0.0
02139,0.0
01600,0.0
01313,0.0
00673,1.0
01988,0.0
01679,0.0
01135,0.0
00440,1.0
01321,0.0
02052,0.0
00614,1.0
01817,0.0
01219,0.0
00963,1.0
02121,0.0
00450,1.0
00435,1.0
00201,1.0
01798,0.0
00441,1.0
00300,1.0
00847,1.0
00901,1.0
01601,0.0
00651,1.0
01657,0.0
01289,0.0
00056,1.0
01953,0.0
00604,1.0
01647,0.0
01084,0.0
00164,1.0
00423,1.0
00410,1.0
00998,1.0
01928,0.0
00190,1.0
00223,1.0
01444,0.0
00284,1.0
00373,1.0
01570,0.0
01578,0.0
01631,0.0
00260,1.0
00037,1.0
00340,1.0
01765,0.0
01812,0.0
01893,0.0
00890,1.0
00371,1.0
01726,0.0
00434,1.0
01526,0.0
00206,1.0
00665,1.0
01187,0.0
00401,1.0
00885,1.0
01596,0.0
01278,0.0
02089,0.0
01708,0.0
01465,0.0
00985,1.0
01544,0.0
00635,1.0
00099,1.0
01761,0.0
00123,1.0
01070,0.0
00771,1.0
00455,1.0
01414,0.0
00677,1.0
00810,1.0
00181,1.0
00547,1.0
02039,0.0
02046,0.0
00695,1.0
00079,1.0
00334,1.0
01671,0.0
00751,1.0
00430,1.0
01255,0.0
00461,1.0
00940,1.0
00381,1.0
01963,0.0
00460,1.0
00090,1.0
00645,1.0
00132,1.0
01484,0.0
01036,1.0
00605,1.0
01724,0.0
01824,0.0
01849,0.0
01538,0.0
00040,1.0
01420,0.0
00719,1.0
00813,1.0
01256,0.0
00295,1.0
00773,1.0
00656,1.0
01649,0.0
00589,1.0
01839,0.0
00588,1.0
00540,1.0
01122,0.0
01737,0.0
01390,0.0
01249,0.0
01368,0.0
01871,0.0
01687,0.0
01294,0.0
01987,0.0
00557,1.0
00704,1.0
01996,0.0
00563,1.0
01588,0.0
01000,1.0
00949,1.0
01752,0.0
00179,1.0
00591,1.0
02016,0.0
00755,1.0
00932,1.0
00021,1.0
01437,0.0
00727,1.0
00263,1.0
00921,1.0
00833,1.0
00066,1.0
01723,0.0
01281,0.0
00431,1.0
00152,1.0
01696,0.0
00577,1.0
01950,0.0
01426,0.0
00845,1.0
01912,0.0
00776,1.0
01767,0.0
01793,0.0
00520,1.0
01224,0.0
02040,0.0
00761,1.0
00590,1.0
01713,0.0
02118,0.0
01640,0.0
00802,1.0
00666,1.0
00791,1.0
01112,0.0
00699,1.0
00868,1.0
00005,1.0
00004,1.0
00877,1.0
00319,1.0
02105,0.0
01159,0.0
01994,0.0
01324,0.0
01887,0.0
00668,1.0
01167,0.0
00209,1.0
00111,1.0
00202,1.0
02133,0.0
00506,1.0
00354,1.0
01383,0.0
00730,1.0
00731,1.0
02071,0.0
01870,0.0
02055,0.0
02130,0.0
00961,1.0
01090,0.0
01299,0.0
01404,0.0
01574,0.0
00601,1.0
00255,1.0
01395,0.0
00031,1.0
00683,1.0
00936,1.0
00598,1.0
00343,1.0
00318,1.0
00671,1.0
01681,0.0
01108,0.0
01811,0.0
00175,1.0
01693,0.0
01627,0.0
00955,1.0
00834,1.0
01098,0.0
00603,1.0
00240,1.0
01448,0.0
01865,0.0
00388,1.0
00843,1.0
00887,1.0
01019,1.0
01374,0.0
01539,0.0
00722,1.0
00904,1.0
01541,0.0
00785,1.0
00014,1.0
00593,1.0
00869,1.0
00015,1.0
02115,0.0
01969,0.0
00621,1.0
00049,1.0
01003,1.0
01810,0.0
01242,0.0
01983,0.0
01100,0.0
00167,1.0
00669,1.0
00117,1.0
00690,1.0
01900,0.0
00494,1.0
00857,1.0
01603,0.0
00599,1.0
01740,0.0
00235,1.0
01517,0.0
00369,1.0
00057,1.0
02033,0.0
00071,1.0
01339,0.0
00026,1.0
01298,0.0
01259,0.0
01629,0.0
02069,0.0
00729,1.0
01441,0.0
02114,0.0
01908,0.0
02095,0.0
01896,0.0
02075,0.0
00897,1.0
00856,1.0
01823,0.0
01413,0.0
00607,1.0
00947,1.0
00902,1.0
01669,0.0
00622,1.0
00854,1.0
01364,0.0
00643,1.0
01558,0.0
00013,1.0
00562,1.0
01235,0.0
01874,0.0
00976,1.0
01754,0.0
01461,0.0
00298,1.0
01710,0.0
01577,0.0
01081,0.0
01326,0.0
01136,0.0
01954,0.0
01218,0.0
01013,1.0
00881,1.0
00131,1.0
00469,1.0
01115,0.0
00214,1.0
01114,0.0
00831,1.0
01842,0.0
02041,0.0
00173,1.0
01605,0.0
01495,0.0
00124,1.0
01557,0.0
00543,1.0
00108,1.0
00777,1.0
01234,0.0
01035,1.0
01097,0.0
00882,1.0
01092,0.0
01583,0.0
00745,1.0
01049,0.0
01074,0.0
01611,0.0
01638,0.0
01393,0.0
01564,0.0
00664,1.0
00216,1.0
01372,0.0
01493,0.0
00158,1.0
00889,1.0
01069,0.0
02079,0.0
01722,0.0
00151,1.0
00586,1.0
01848,0.0
01756,0.0
00189,1.0
01279,0.0
00155,1.0
00694,1.0
00638,1.0
00891,1.0
01521,0.0
00226,1.0
00965,1.0
00667,1.0
00991,1.0
01890,0.0
02004,0.0
01323,0.0
01377,0.0
00538,1.0
00330,1.0
00763,1.0
01400,0.0
00105,1.0
02006,0.0
01011,1.0
00320,1.0
02042,0.0
00141,1.0
00783,1.0
01858,0.0
00630,1.0
00709,1.0
01781,0.0
02031,0.0
01546,0.0
01528,0.0
01343,0.0
00931,1.0
00682,1.0
00184,1.0
01386,0.0
00580,1.0
02070,0.0
00044,1.0
01979,0.0
00910,1.0
01132,0.0
01176,0.0
01750,0.0
02028,0.0
02003,0.0
00978,1.0
01655,0.0
01815,0.0
00225,1.0
01121,0.0
01147,0.0
00913,1.0
00928,1.0
01263,0.0
00639,1.0
01415,0.0
01939,0.0
00873,1.0
00310,1.0
00061,1.0
02007,0.0
00995,1.0
00937,1.0
01536,0.0
01975,0.0
01222,0.0
00528,1.0
01211,0.0
00943,1.0
01599,0.0
01230,0.0
01566,0.0
01361,0.0
00618,1.0
02111,0.0
00493,1.0
00602,1.0
00149,1.0
00324,1.0
00688,1.0
00237,1.0
00064,1.0
00488,1.0
00380,1.0
00387,1.0
02002,0.0
00657,1.0
00144,1.0
01529,0.0
00670,1.0
00467,1.0
01853,0.0
00289,1.0
01172,0.0
02097,0.0
01072,0.0
00697,1.0
00967,1.0
00110,1.0
00019,1.0
01272,0.0
00022,1.0
00898,1.0
00417,1.0
00270,1.0
00251,1.0
00918,1.0
01819,0.0
01073,0.0
01806,0.0
00970,1.0
01024,1.0
01881,0.0
01977,0.0
00143,1.0
01191,0.0
00742,1.0
01654,0.0
01725,0.0
00016,1.0
00036,1.0
01678,0.0
01660,0.0
01913,0.0
01733,0.0
01530,0.0
01439,0.0
00503,1.0
01265,0.0
00084,1.0
01533,0.0
00046,1.0
00762,1.0
01705,0.0
00102,1.0
01042,0.0
01778,0.0
01423,0.0
02108,0.0
00254,1.0
00122,1.0
01045,0.0
00376,1.0
01031,1.0
00411,1.0
00405,1.0
00166,1.0
00642,1.0
00707,1.0
00308,1.0
00135,1.0
01604,0.0
01206,0.0
00691,1.0
01616,0.0
01487,0.0
01768,0.0
00085,1.0
01388,0.0
00059,1.0
00217,1.0
01287,0.0
01477,0.0
00644,1.0
01951,0.0
00418,1.0
00584,1.0
02072,0.0
00082,1.0
01617,0.0
00823,1.0
01944,0.0
00983,1.0
01971,0.0
00754,1.0
01165,0.0
00820,1.0
00703,1.0
01328,0.0
01397,0.0
00133,1.0
00282,1.0
01840,0.0
00194,1.0
01311,0.0
01039,1.0
00395,1.0
00180,1.0
01506,0.0
00909,1.0
00769,1.0
00594,1.0
00784,1.0
01195,0.0
01683,0.0
00827,1.0
00828,1.0
02019,0.0
01634,0.0
01144,0.0
00570,1.0
00715,1.0
00195,1.0
01807,0.0
01102,0.0
00565,1.0
01290,0.0
01058,0.0
00429,1.0
01525,0.0
01805,0.0
00496,1.0
01563,0.0
01071,0.0
01606,0.0
01901,0.0
01926,0.0
00968,1.0
00331,1.0
00661,1.0
00063,1.0
00546,1.0
00078,1.0
00735,1.0
00269,1.0
01656,0.0
00294,1.0
00997,1.0
01970,0.0
00838,1.0
00658,1.0
00138,1.0
00608,1.0
00023,1.0
01488,0.0
01697,0.0
00224,1.0
01741,0.0
00160,1.0
01910,0.0
01916,0.0
01238,0.0
00626,1.0
00244,1.0
00623,1.0
00444,1.0
01350,0.0
00393,1.0
01843,0.0
01131,0.0
01494,0.0
00872,1.0
00443,1.0
00000,1.0
00349,1.0
00466,1.0
00283,1.0
01771,0.0
00449,1.0
00517,1.0
00740,1.0
00640,1.0
00911,1.0
01501,0.0
01507,0.0
02092,0.0
01673,0.0
00522,1.0
01822,0.0
00958,1.0
01966,0.0
00747,1.0
01079,0.0
00252,1.0
00366,1.0
00177,1.0
00361,1.0
01491,0.0
00060,1.0
00407,1.0
00966,1.0
01584,0.0
01384,0.0
01921,0.0
00567,1.0
00737,1.0
01269,0.0
00228,1.0
01463,0.0
01772,0.0
02102,0.0
01489,0.0
01109,0.0
00573,1.0
01293,0.0
01661,0.0
00895,1.0
00774,1.0
01229,0.0
00678,1.0
00824,1.0
00345,1.0
01695,0.0
01508,0.0
00818,1.0
01639,0.0
00866,1.0
00788,1.0
01894,0.0
01060,0.0
01680,0.0
00556,1.0
01476,0.0
01590,0.0
01470,0.0
01130,0.0
00875,1.0
00317,1.0
01232,0.0
00915,1.0
01964,0.0
00106,1.0
00675,1.0
02018,0.0
02060,0.0
00714,1.0
00392,1.0
01922,0.0
01537,0.0
01742,0.0
00846,1.0
00527,1.0
01747,0.0
00130,1.0
01085,0.0
02126,0.0
01066,0.0
00512,1.0
00957,1.0
02027,0.0
00836,1.0
00329,1.0
01227,0.0
01960,0.0
01067,0.0
00906,1.0
01360,0.0
01568,0.0
00805,1.0
00453,1.0
00926,1.0
00692,1.0
01348,0.0
01736,0.0
01213,0.0
00125,1.0
02132,0.0
00097,1.0
01078,0.0
00247,1.0
00398,1.0
01980,0.0
01258,0.0
01399,0.0
00655,1.0
00018,1.0
01844,0.0
01225,0.0
01704,0.0
00344,1.0
01952,0.0
00990,1.0
01482,0.0
00917,1.0
01991,0.0
00568,1.0
01780,0.0
01355,0.0
00311,1.0
00739,1.0
01845,0.0
01707,0.0
00039,1.0
01949,0.0
02119,0.0
00865,1.0
00427,1.0
01446,0.0
01379,0.0
01210,0.0
01002,1.0
01662,0.0
00636,1.0
00416,1.0
01917,0.0
01492,0.0
01739,0.0
01632,0.0
00539,1.0
00809,1.0
02080,0.0
01214,0.0
01572,0.0
01421,0.0
00830,1.0
01317,0.0
00832,1.0
00863,1.0
01763,0.0
00483,1.0
01433,0.0
01266,0.0
00491,1.0
00024,1.0
01985,0.0
00363,1.0
02053,0.0
00581,1.0
02066,0.0
01773,0.0
01716,0.0
01860,0.0
00606,1.0
01785,0.0
01888,0.0
00789,1.0
02059,0.0
00627,1.0
01344,0.0
00741,1.0
01500,0.0
00495,1.0
02085,0.0
02035,0.0
01623,0.0
00287,1.0
01088,0.0
00458,1.0
00526,1.0
00713,1.0
00859,1.0
00089,1.0
01240,0.0
00342,1.0
00596,1.0
00339,1.0
01028,1.0
01408,0.0
01770,0.0
00972,1.0
01504,0.0
01061,0.0
01270,0.0
01277,0.0
01141,0.0
00700,1.0
01748,0.0
01254,0.0
01986,0.0
01548,0.0
00624,1.0
02054,0.0
01527,0.0
01357,0.0
01690,0.0
00923,1.0
02012,0.0
01760,0.0
01766,0.0
01207,0.0
01435,0.0
01012,1.0
00153,1.0
01260,0.0
00341,1.0
00579,1.0
00234,1.0
00583,1.0
00456,1.0
00095,1.0
00424,1.0
01140,0.0
00041,1.0
00988,1.0
01134,0.0
00981,1.0
01990,0.0
01586,0.0
01666,0.0
01453,0.0
00142,1.0
02088,0.0
01332,0.0
01941,0.0
00835,1.0
00650,1.0
01282,0.0
00276,1.0
00849,1.0
01694,0.0
00232,1.0
00147,1.0
00744,1.0
00351,1.0
00609,1.0
02124,0.0
00403,1.0
01875,0.0
00793,1.0
01706,0.0
01170,0.0
00693,1.0
01880,0.0
00103,1.0
01729,0.0
00129,1.0
00275,1.0
00633,1.0
00172,1.0
01795,0.0
02064,0.0
01096,0.0
00571,1.0
00027,1.0
01380,0.0
01434,0.0
01664,0.0
00307,1.0
01948,0.0
01288,0.0
01976,0.0
00264,1.0
01792,0.0
00136,1.0
00816,1.0
00959,1.0
01608,0.0
01503,0.0
02074,0.0
01396,0.0
00047,1.0
00551,1.0
00549,1.0
01645,0.0
00296,1.0
00096,1.0
00734,1.0
00480,1.0
02096,0.0
02045,0.0
00864,1.0
00674,1.0
00017,1.0
01542,0.0
00935,1.0
01319,0.0
01735,0.0
02136,0.0
00475,1.0
01054,0.0
00188,1.0
01828,0.0
01417,0.0
00302,1.0
00634,1.0
02017,0.0
00701,1.0
00637,1.0
02104,0.0
00758,1.0
01510,0.0
01753,0.0
00163,1.0
01630,0.0
00502,1.0
01116,0.0
00652,1.0
00825,1.0
02087,0.0
01532,0.0
00119,1.0
01043,0.0
01643,0.0
01178,0.0
01612,0.0
00303,1.0
01182,0.0
01306,0.0
00929,1.0
01004,1.0
01878,0.0
00288,1.0
00065,1.0
00782,1.0
02051,0.0
00748,1.0
01485,0.0
01866,0.0
02062,0.0
00364,1.0
01582,0.0
00048,1.0
01315,0.0
00210,1.0
00321,1.0
00426,1.0
01702,0.0
01550,0.0
01128,0.0
00553,1.0
00916,1.0
00478,1.0
00944,1.0
01903,0.0
00327,1.0
00187,1.0
01333,0.0
00534,1.0
00686,1.0
00256,1.0
01621,0.0
00452,1.0
00867,1.0
01285,0.0
02135,0.0
02024,0.0
01935,0.0
00554,1.0
02044,0.0
00093,1.0
01934,0.0
01625,0.0
00860,1.0
01882,0.0
00798,1.0
02034,0.0
01146,0.0
00971,1.0
01473,0.0
01545,0.0
01295,0.0
01020,1.0
00222,1.0
00766,1.0
00259,1.0
01456,0.0
00660,1.0
00687,1.0
01967,0.0
00414,1.0
00725,1.0
00360,1.0
00803,1.0
00942,1.0
00233,1.0
02099,0.0
00285,1.0
01598,0.0
01354,0.0
01933,0.0
01118,0.0
00839,1.0
00698,1.0
01262,0.0
01194,0.0
01835,0.0
00905,1.0
00464,1.0
00787,1.0
00497,1.0
00485,1.0
01411,0.0
00358,1.0
00792,1.0
00653,1.0
01968,0.0
01929,0.0
00566,1.0
00996,1.0
00912,1.0
01879,0.0
00290,1.0
00169,1.0
00817,1.0
01362,0.0
01142,0.0
00028,1.0
01382,0.0
01920,0.0
00647,1.0
00521,1.0
01585,0.0
00979,1.0
00850,1.0
00712,1.0
01034,1.0
00982,1.0
00952,1.0
00054,1.0
01955,0.0
00003,1.0
01271,0.0
00953,1.0
01663,0.0
00008,1.0
01554,0.0
01834,0.0
00964,1.0
01497,0.0
01936,0.0
00663,1.0
00542,1.0
01691,0.0
00804,1.0
01581,0.0
01095,0.0
01511,0.0
02037,0.0
01995,0.0
01534,0.0
00696,1.0
01559,0.0
00794,1.0
00328,1.0
01846,0.0
01089,0.0
01825,0.0
01732,0.0
02120,0.0
01048,0.0
01899,0.0
01252,0.0
01173,0.0
01401,0.0
01454,0.0
01283,0.0
00433,1.0
00625,1.0
01157,0.0
01499,0.0
01711,0.0
01925,0.0
00757,1.0
00560,1.0
01196,0.0
00574,1.0
01365,0.0
00081,1.0
01646,0.0
01571,0.0
01734,0.0
00914,1.0
00750,1.0
01821,0.0
01046,0.0
01248,0.0
01062,0.0
00753,1.0
00613,1.0
00383,1.0
00481,1.0
01366,0.0
01175,0.0
00415,1.0
00840,1.0
01552,0.0
00585,1.0
00114,1.0
00930,1.0
00162,1.0
01177,0.0
02129,0.0
01961,0.0
01885,0.0
01301,0.0
01789,0.0
01786,0.0
01228,0.0
01431,0.0
01709,0.0
00592,1.0
01685,0.0
00780,1.0
01580,0.0
00200,1.0
01931,0.0
00356,1.0
01959,0.0
00362,1.0
01318,0.0
01827,0.0
00874,1.0
00174,1.0
00239,1.0
01852,0.0
00659,1.0
01519,0.0
01094,0.0
01712,0.0
01338,0.0
01614,0.0
02061,0.0
01464,0.0
00945,1.0
01237,0.0
00213,1.0
00888,1.0
02032,0.0
02117,0.0
01221,0.0
01127,0.0
01864,0.0
01838,0.0
01387,0.0
02090,0.0
01998,0.0
01466,0.0
00353,1.0
01008,1.0
01462,0.0
00879,1.0
01813,0.0
01809,0.0
01620,0.0
00207,1.0
00842,1.0
00973,1.0
02022,0.0
01635,0.0
00954,1.0
00733,1.0
01436,0.0
01569,0.0
00597,1.0
01478,0.0
02128,0.0
00896,1.0
01498,0.0
00684,1.0
01618,0.0
00544,1.0
00883,1.0
01445,0.0
01442,0.0
01460,0.0
00170,1.0
01145,0.0
00648,1.0
01080,0.0
01156,0.0
01796,0.0
01340,0.0
01220,0.0
01540,0.0
00710,1.0
01452,0.0
01137,0.0
01209,0.0
00505,1.0
01257,0.0
01189,0.0
01779,0.0
00989,1.0
01883,0.0
01296,0.0
01459,0.0
01628,0.0
00610,1.0
01727,0.0
01593,0.0
01449,0.0
01217,0.0
01682,0.0
01720,0.0
01589,0.0
01490,0.0
01923,0.0
02106,0.0
01111,0.0
00382,1.0
01155,0.0
00501,1.0
01284,0.0
01440,0.0
01302,0.0
01402,0.0
00074,1.0
01946,0.0
02050,0.0
01192,0.0
01153,0.0
01652,0.0
01543,0.0
01307,0.0
01309,0.0
01369,0.0
01535,0.0
01799,0.0
01592,0.0
01514,0.0
01334,0.0
02137,0.0
01918,0.0
00236,1.0
02048,0.0
01133,0.0
01597,0.0
01040,0.0
01356,0.0
00510,1.0
01872,0.0
01891,0.0
01346,0.0
01989,0.0
01862,0.0
01992,0.0
00086,1.0
01622,0.0
02029,0.0
01320,0.0
00326,1.0
00266,1.0
00463,1.0
00218,1.0
00389,1.0
00420,1.0
00332,1.0
00157,1.0
00076,1.0
00550,1.0
00394,1.0
00199,1.0
00025,1.0
00422,1.0
00309,1.0
00271,1.0
00272,1.0
00062,1.0
00537,1.0
00253,1.0
00250,1.0
00397,1.0
00127,1.0
00530,1.0
00007,1.0
00273,1.0
00183,1.0
00265,1.0
00428,1.0
00474,1.0
00118,1.0
00406,1.0
00121,1.0
00192,1.0
00486,1.0
00454,1.0
00104,1.0
00043,1.0
00055,1.0
00112,1.0
00413,1.0
00242,1.0
00541,1.0
00325,1.0
00479,1.0
00472,1.0
00523,1.0
00227,1.0
00154,1.0
00447,1.0
00500,1.0
00519,1.0
00262,1.0
00391,1.0
00533,1.0
